account_id,transaction_count,total_amount
A0001,12,24808.54
A0002,27,77040.91
A0003,31,74674.90
A0004,12,33886.51
A0005,15,31284.74
A0006,19,41537.91
A0007,12,25243.86
A0008,24,64320.86
A0009,18,39717.26
A0010,15,37710.18
A0011,24,58075.38
A0012,14,34631.63
A0013,16,40185.35
A0014,23,57881.71
A0015,21,49258.19
A0016,16,46001.82
A0017,21,52548.97
A0018,21,47507.63
A0019,23,64310.36
A0020,21,52390.85
A0021,23,55246.20
A0022,19,48789.84
A0023,14,40620.68
A0024,21,52256.77
A0025,25,65631.80
A0026,23,64257.04
A0027,21,49080.26
A0028,19,41677.93
A0029,17,46200.54
A0030,20,42808.72
A0031,18,38810.24
A0032,16,52097.79
A0033,18,47720.73
A0034,14,30980.78
A0035,13,32811.34
A0036,25,68811.75
A0037,25,63310.71
A0038,25,69768.69
A0039,18,53776.05
A0040,26,69089.19
A0041,16,50045.82
A0042,22,65477.41
A0043,19,47073.53
A0044,21,57016.64
A0045,22,64566.00
A0046,22,54952.83
A0047,17,44259.53
A0048,14,38368.25
A0049,25,56467.25
A0050,19,50713.27
A0051,21,45944.34
A0052,18,38008.83
A0053,16,43890.64
A0054,23,54618.71
A0055,21,59821.91
A0056,11,23031.64
A0057,16,39824.46
A0058,15,33536.62
A0059,16,47928.37
A0060,18,40651.04
A0061,14,22270.52
A0062,23,63040.33
A0063,21,58941.74
A0064,27,74292.55
A0065,19,50286.42
A0066,14,45528.65
A0067,23,71367.85
A0068,21,56257.48
A0069,7,20025.09
A0070,10,30547.21
A0071,20,45229.31
A0072,16,33525.20
A0073,19,43120.10
A0074,17,46835.54
A0075,23,54021.79
A0076,20,45836.06
A0077,24,55348.15
A0078,24,67885.26
A0079,18,42694.59
A0080,20,43190.68
A0081,26,72215.66
A0082,26,67374.18
A0083,25,46904.21
A0084,29,65590.56
A0085,18,41736.68
A0086,18,35576.58
A0087,21,57593.35
A0088,17,44636.80
A0089,23,58629.99
A0090,21,54273.20
A0091,16,37707.01
A0092,16,49644.97
A0093,24,45387.55
A0094,12,30077.89
A0095,24,65778.29
A0096,12,36803.13
A0097,11,21217.96
A0098,27,66239.66
A0099,22,67788.45
A0100,19,60786.45
A0101,22,50206.58
A0102,20,45658.22
A0103,25,60303.26
A0104,10,23523.32
A0105,19,42667.03
A0106,22,47026.28
A0107,22,60223.32
A0108,14,31970.97
A0109,20,58691.86
A0110,21,49401.03
A0111,16,45624.89
A0112,19,50509.38
A0113,19,41094.14
A0114,15,40253.73
A0115,14,36785.25
A0116,18,47794.91
A0117,23,71505.70
A0118,15,26069.63
A0119,30,69762.54
A0120,15,41303.80
A0121,21,41637.32
A0122,25,63408.47
A0123,17,41286.06
A0124,14,34997.30
A0125,13,33071.85
A0126,29,72885.89
A0127,10,33221.90
A0128,25,61348.44
A0129,17,39229.89
A0130,25,69481.72
A0131,26,63274.70
A0132,17,46269.28
A0133,17,47772.73
A0134,24,65771.80
A0135,14,35261.81
A0136,15,42947.64
A0137,25,59439.53
A0138,25,60139.79
A0139,17,26738.62
A0140,16,40148.03
A0141,15,39124.75
A0142,24,55807.32
A0143,14,38258.07
A0144,16,40538.96
A0145,20,45476.47
A0146,22,43573.85
A0147,18,39303.90
A0148,22,59226.22
A0149,16,42030.48
A0150,14,31024.27
A0151,16,36061.86
A0152,14,24517.37
A0153,17,43862.25
A0154,18,39965.38
A0155,30,60168.15
A0156,24,57494.38
A0157,23,59450.27
A0158,20,48912.90
A0159,16,36763.49
A0160,14,33548.33
A0161,20,38648.23
A0162,14,28365.29
A0163,23,60322.19
A0164,20,43468.55
A0165,22,54164.09
A0166,30,70830.47
A0167,19,44958.74
A0168,16,46877.15
A0169,26,74971.56
A0170,19,41329.93
A0171,15,42611.27
A0172,14,31715.31
A0173,15,32701.22
A0174,28,78616.42
A0175,17,30155.39
A0176,26,50359.94
A0177,16,35051.88
A0178,14,35778.22
A0179,14,39232.88
A0180,21,67886.20
A0181,17,38550.85
A0182,16,36587.51
A0183,19,43905.94
A0184,18,35791.74
A0185,16,44631.05
A0186,21,51109.16
A0187,25,57897.91
A0188,25,72756.67
A0189,15,23016.36
A0190,17,44155.68
A0191,27,69651.77
A0192,27,72003.71
A0193,27,56606.38
A0194,18,45844.77
A0195,17,41870.16
A0196,19,51049.31
A0197,26,68474.08
A0198,16,47202.58
A0199,16,28032.70
A0200,18,44425.97
A0201,21,48831.81
A0202,9,29659.07
A0203,19,41794.59
A0204,17,48316.79
A0205,21,51485.33
A0206,17,46390.04
A0207,22,58124.91
A0208,19,36368.61
A0209,14,29271.15
A0210,15,45124.91
A0211,22,49520.76
A0212,14,25105.39
A0213,18,44317.37
A0214,21,52524.35
A0215,15,41810.99
A0216,13,32304.27
A0217,22,49476.42
A0218,16,45661.67
A0219,23,51047.76
A0220,20,48564.17
A0221,17,40830.70
A0222,11,31796.55
A0223,20,53225.47
A0224,23,53985.18
A0225,23,42730.07
A0226,23,45710.15
A0227,25,61834.92
A0228,25,62173.29
A0229,16,42046.92
A0230,16,38259.26
A0231,23,61334.09
A0232,12,33562.58
A0233,13,39112.86
A0234,18,40099.50
A0235,11,34811.94
A0236,23,63517.94
A0237,20,43181.18
A0238,17,31550.74
A0239,10,19739.31
A0240,13,34553.86
A0241,18,45893.56
A0242,18,42296.15
A0243,25,77570.95
A0244,21,54050.50
A0245,22,56439.64
A0246,19,43535.24
A0247,19,51417.77
A0248,20,40499.89
A0249,24,63445.41
A0250,19,58069.50
