date,transaction_count,total_amount
2024-10-01,37,80355.32
2024-10-02,43,116186.81
2024-10-03,41,101004.14
2024-10-04,47,116644.26
2024-10-05,46,116246.58
2024-10-06,60,154430.97
2024-10-07,40,100323.72
2024-10-08,50,127177.78
2024-10-09,51,139211.39
2024-10-10,47,120056.44
2024-10-11,51,139362.78
2024-10-12,72,189975.56
2024-10-13,63,192212.05
2024-10-14,56,128644.29
2024-10-15,60,143743.44
2024-10-16,58,134799.22
2024-10-17,53,124582.70
2024-10-18,48,116668.02
2024-10-19,51,124101.98
2024-10-20,51,129130.16
2024-10-21,65,175701.67
2024-10-22,42,115039.94
2024-10-23,53,134572.51
2024-10-24,42,96049.15
2024-10-25,51,123329.73
2024-10-26,50,116467.72
2024-10-27,55,140293.92
2024-10-28,55,137126.34
2024-10-29,51,134765.86
2024-10-30,52,142692.86
2024-10-31,48,123870.44
2024-11-01,63,144771.20
2024-11-02,34,97381.40
2024-11-03,45,98325.45
2024-11-04,53,133199.48
2024-11-05,61,152179.39
2024-11-06,55,162708.79
2024-11-07,58,149816.17
2024-11-08,56,129770.28
2024-11-09,48,108004.04
2024-11-10,42,107813.67
2024-11-11,46,118266.37
2024-11-12,50,140594.95
2024-11-13,54,133624.90
2024-11-14,50,139759.32
2024-11-15,42,100332.18
2024-11-16,53,124367.08
2024-11-17,53,118347.33
2024-11-18,62,152175.12
2024-11-19,51,98174.69
2024-11-20,49,113564.44
2024-11-21,41,105706.25
2024-11-22,50,151361.64
2024-11-23,50,135424.23
2024-11-24,59,140503.70
2024-11-25,57,129518.50
2024-11-26,56,132135.90
2024-11-27,50,113389.48
2024-11-28,54,129119.69
2024-11-29,47,113617.16
2024-11-30,61,147891.04
2024-12-01,59,137694.94
2024-12-02,61,149415.84
2024-12-03,46,108523.51
2024-12-04,58,126840.35
2024-12-05,40,101613.93
2024-12-06,47,111254.24
2024-12-07,49,121435.05
2024-12-08,48,117983.46
2024-12-09,37,102167.38
2024-12-10,55,132038.83
2024-12-11,62,153960.23
2024-12-12,62,159827.45
2024-12-13,57,156899.32
2024-12-14,48,113199.15
2024-12-15,51,130337.60
2024-12-16,49,117231.63
2024-12-17,46,118846.57
2024-12-18,51,129727.72
2024-12-19,57,122189.74
2024-12-20,52,141212.12
2024-12-21,57,141061.20
2024-12-22,55,129926.45
2024-12-23,55,138696.65
2024-12-24,66,148109.21
2024-12-25,43,120090.55
2024-12-26,50,126577.00
2024-12-27,68,169637.90
2024-12-28,76,184970.99
2024-12-29,56,135583.23
2024-12-30,54,130731.00
2024-12-31,45,103175.95
